filename,width,height,class,xmin,ymin,xmax,ymax
potholes1.png,400,300,pothole,4,141,394,264
potholes1.png,400,300,pothole,198,111,283,135
potholes10.png,400,400,pothole,137,174,238,307
potholes10.png,400,400,pothole,234,172,294,224
potholes100.png,400,300,pothole,257,54,378,126
potholes101.png,530,300,pothole,158,164,235,185
potholes101.png,530,300,pothole,319,186,386,211
potholes105.png,400,300,pothole,78,201,191,299
potholes105.png,400,300,pothole,1,104,131,170
potholes105.png,400,300,pothole,132,124,173,151
potholes105.png,400,300,pothole,195,156,313,227
potholes105.png,400,300,pothole,203,111,311,150
potholes105.png,400,300,pothole,244,84,302,105
potholes105.png,400,300,pothole,159,80,210,96
potholes105.png,400,300,pothole,368,163,400,195
potholes103.png,467,300,pothole,165,90,389,266
potholes103.png,467,300,pothole,90,150,136,174
potholes103.png,467,300,pothole,57,89,103,118
potholes106.png,300,400,pothole,65,122,229,299
potholes0.png,450,300,pothole,141,233,203,262
potholes0.png,450,300,pothole,201,219,238,236
potholes0.png,450,300,pothole,87,172,147,196
potholes0.png,450,300,pothole,181,171,212,185
potholes0.png,450,300,pothole,236,175,272,185
potholes0.png,450,300,pothole,301,173,323,183
potholes0.png,450,300,pothole,231,169,284,177
potholes0.png,450,300,pothole,175,142,213,156
potholes0.png,450,300,pothole,78,141,94,148
potholes0.png,450,300,pothole,123,145,152,157
potholes0.png,450,300,pothole,154,130,168,137
potholes0.png,450,300,pothole,320,216,408,246
potholes104.png,480,300,pothole,169,239,285,268
potholes104.png,480,300,pothole,52,217,202,245
potholes107.png,534,300,pothole,235,53,284,62
potholes107.png,534,300,pothole,135,133,392,259
potholes102.png,400,300,pothole,164,91,333,234
potholes109.png,400,176,pothole,52,43,324,139
potholes109.png,400,176,pothole,194,33,239,52
potholes109.png,400,176,pothole,226,11,302,26
potholes108.png,442,300,pothole,201,216,299,271
potholes108.png,442,300,pothole,209,137,289,165
potholes108.png,442,300,pothole,252,112,316,131
potholes108.png,442,300,pothole,266,94,311,106
potholes108.png,442,300,pothole,212,104,268,121
potholes108.png,442,300,pothole,154,122,198,135
potholes108.png,442,300,pothole,157,111,193,122
potholes108.png,442,300,pothole,196,97,219,104
potholes108.png,442,300,pothole,244,87,277,95
potholes108.png,442,300,pothole,228,80,263,88
potholes108.png,442,300,pothole,26,214,70,241
potholes108.png,442,300,pothole,257,69,281,76
potholes108.png,442,300,pothole,139,100,174,110
potholes111.png,400,400,pothole,157,161,234,213
potholes110.png,400,300,pothole,148,137,225,213
potholes110.png,400,300,pothole,178,92,201,104
potholes11.png,400,400,pothole,139,153,260,237
potholes11.png,400,400,pothole,36,170,67,199
potholes663.png,459,300,pothole,94,77,389,275
potholes663.png,459,300,pothole,367,7,448,62
potholes463.png,400,400,pothole,150,110,246,182
potholes463.png,400,400,pothole,129,145,170,183
potholes463.png,400,400,pothole,285,104,318,122
potholes463.png,400,400,pothole,148,319,214,387
potholes463.png,400,400,pothole,374,268,400,303
potholes294.png,400,300,pothole,125,200,214,232
potholes294.png,400,300,pothole,237,237,289,273
potholes294.png,400,300,pothole,208,183,254,202
potholes294.png,400,300,pothole,200,164,237,179
potholes294.png,400,300,pothole,154,176,192,191
potholes294.png,400,300,pothole,151,148,185,158
potholes294.png,400,300,pothole,215,139,280,151
potholes294.png,400,300,pothole,271,150,310,162
potholes294.png,400,300,pothole,194,127,229,135
potholes294.png,400,300,pothole,1,185,63,211
potholes294.png,400,300,pothole,33,169,73,182
potholes294.png,400,300,pothole,50,155,95,170
potholes294.png,400,300,pothole,85,138,112,145
potholes294.png,400,300,pothole,111,128,139,135
potholes294.png,400,300,pothole,86,115,129,124
potholes294.png,400,300,pothole,139,102,180,110
potholes294.png,400,300,pothole,130,110,156,116
potholes294.png,400,300,pothole,194,114,217,120
potholes304.png,400,400,pothole,78,110,285,208
potholes559.png,400,400,pothole,172,157,247,225
potholes559.png,400,400,pothole,203,237,240,262
potholes232.png,400,400,pothole,144,187,232,282
potholes187.png,401,300,pothole,102,189,223,243
potholes187.png,401,300,pothole,222,168,293,201
potholes187.png,401,300,pothole,266,139,332,170
potholes86.png,400,300,pothole,163,205,245,243
potholes86.png,400,300,pothole,4,174,109,212
potholes86.png,400,300,pothole,202,158,304,180
potholes86.png,400,300,pothole,314,189,360,206
potholes86.png,400,300,pothole,137,124,190,136
potholes521.png,533,300,pothole,338,94,496,154
potholes215.png,300,300,pothole,1,81,179,226
potholes215.png,300,300,pothole,1,246,66,282
potholes78.png,400,400,pothole,143,170,213,228
potholes331.png,401,300,pothole,162,120,300,152
potholes32.png,400,400,pothole,149,153,254,209
potholes32.png,400,400,pothole,229,41,251,50
potholes436.png,400,400,pothole,135,189,257,228
potholes170.png,449,300,pothole,101,67,314,216
potholes91.png,400,400,pothole,152,158,244,215
potholes91.png,400,400,pothole,217,215,273,274
potholes88.png,400,400,pothole,167,158,269,209
potholes88.png,400,400,pothole,143,76,224,124
potholes88.png,400,400,pothole,254,245,308,275
potholes489.png,400,300,pothole,34,152,112,178
potholes489.png,400,300,pothole,86,141,321,289
potholes489.png,400,300,pothole,271,63,315,74
potholes489.png,400,300,pothole,254,74,394,114
potholes489.png,400,300,pothole,391,120,400,140
potholes467.png,533,300,pothole,277,218,439,272
potholes467.png,533,300,pothole,297,166,385,182
potholes467.png,533,300,pothole,354,153,453,180
potholes467.png,533,300,pothole,223,132,289,155
potholes467.png,533,300,pothole,1,209,195,253
potholes485.png,400,400,pothole,174,167,228,233
potholes485.png,400,400,pothole,230,123,267,155
potholes8.png,400,400,pothole,143,64,303,147
potholes8.png,400,400,pothole,87,259,183,400
potholes8.png,400,400,pothole,0,71,33,115
potholes420.png,400,400,pothole,255,149,357,243
potholes141.png,437,300,pothole,47,99,396,193
potholes51.png,400,400,pothole,150,125,266,265
potholes536.png,400,400,pothole,144,197,239,258
potholes536.png,400,400,pothole,18,112,58,137
potholes526.png,532,300,pothole,182,163,269,191
potholes526.png,532,300,pothole,108,150,183,170
potholes526.png,532,300,pothole,43,126,131,147
potholes526.png,532,300,pothole,15,212,204,253
potholes526.png,532,300,pothole,150,254,257,297
potholes526.png,532,300,pothole,324,232,409,252
potholes526.png,532,300,pothole,132,129,231,145
potholes632.png,400,400,pothole,114,142,252,237
potholes632.png,400,400,pothole,249,81,319,108
potholes46.png,400,300,pothole,205,149,368,215
potholes46.png,400,300,pothole,310,103,377,136
potholes625.png,400,400,pothole,89,157,211,250
potholes625.png,400,400,pothole,248,94,346,178
potholes625.png,400,400,pothole,307,0,392,27
potholes332.png,450,300,pothole,195,193,332,300
potholes332.png,450,300,pothole,268,150,358,184
potholes332.png,450,300,pothole,377,144,414,166
potholes487.png,300,300,pothole,1,85,300,240
potholes247.png,533,300,pothole,93,173,462,243
potholes321.png,400,400,pothole,94,18,150,45
potholes321.png,400,400,pothole,119,132,280,274
potholes321.png,400,400,pothole,254,183,320,250
potholes321.png,400,400,pothole,285,122,308,138
potholes321.png,400,400,pothole,289,19,338,82
potholes321.png,400,400,pothole,34,103,84,135
potholes321.png,400,400,pothole,132,1,152,14
potholes142.png,452,300,pothole,336,114,381,137
potholes142.png,452,300,pothole,61,123,227,226
potholes142.png,452,300,pothole,268,175,300,187
potholes142.png,452,300,pothole,312,236,342,251
potholes142.png,452,300,pothole,297,255,315,265
potholes142.png,452,300,pothole,207,79,221,87
potholes258.png,382,300,pothole,196,207,317,260
potholes631.png,400,400,pothole,101,167,299,221
potholes190.png,451,300,pothole,154,90,385,130
potholes190.png,451,300,pothole,1,194,216,264
potholes259.png,506,300,pothole,46,143,379,271
potholes182.png,463,300,pothole,185,227,276,283
potholes374.png,450,300,pothole,163,129,272,197
potholes579.png,400,400,pothole,153,168,273,232
potholes579.png,400,400,pothole,262,112,298,133
potholes579.png,400,400,pothole,168,128,257,170
potholes476.png,400,400,pothole,137,122,269,217
potholes476.png,400,400,pothole,187,38,235,54
potholes548.png,400,200,pothole,224,152,344,188
potholes383.png,400,400,pothole,54,124,325,242
potholes383.png,400,400,pothole,0,109,25,132
potholes169.png,400,400,pothole,164,182,248,217
potholes169.png,400,400,pothole,90,322,400,400
potholes39.png,480,300,pothole,37,154,235,234
potholes39.png,480,300,pothole,104,120,141,132
potholes39.png,480,300,pothole,35,241,96,300
potholes39.png,480,300,pothole,274,194,342,237
potholes39.png,480,300,pothole,313,242,354,283
potholes39.png,480,300,pothole,361,227,419,270
potholes39.png,480,300,pothole,359,182,437,218
potholes39.png,480,300,pothole,366,146,479,189
potholes39.png,480,300,pothole,322,126,363,150
potholes39.png,480,300,pothole,339,110,402,131
potholes39.png,480,300,pothole,254,141,324,185
potholes39.png,480,300,pothole,214,117,248,138
potholes39.png,480,300,pothole,432,219,480,259
potholes39.png,480,300,pothole,222,204,253,237
potholes516.png,404,300,pothole,90,1,209,57
potholes516.png,404,300,pothole,1,53,402,275
potholes575.png,400,400,pothole,140,107,283,221
potholes575.png,400,400,pothole,119,122,185,168
potholes575.png,400,400,pothole,87,209,123,233
potholes575.png,400,400,pothole,0,313,57,368
potholes575.png,400,400,pothole,383,229,400,278
potholes295.png,510,300,pothole,168,92,482,201
potholes295.png,510,300,pothole,159,202,313,247
potholes295.png,510,300,pothole,29,260,148,299
potholes384.png,400,400,pothole,69,174,232,282
potholes384.png,400,400,pothole,290,133,375,199
potholes29.png,400,400,pothole,155,147,262,227
potholes29.png,400,400,pothole,93,224,179,278
potholes29.png,400,400,pothole,113,32,154,47
potholes442.png,533,300,pothole,189,83,386,265
potholes47.png,400,400,pothole,137,147,265,194
potholes47.png,400,400,pothole,105,93,174,103
potholes47.png,400,400,pothole,84,49,132,71
potholes580.png,400,400,pothole,159,160,247,246
potholes580.png,400,400,pothole,0,120,55,173
potholes580.png,400,400,pothole,232,360,307,400
potholes629.png,533,300,pothole,116,137,185,202
potholes629.png,533,300,pothole,213,224,328,300
potholes629.png,533,300,pothole,310,180,345,219
potholes629.png,533,300,pothole,248,69,300,93
potholes629.png,533,300,pothole,244,100,323,185
potholes629.png,533,300,pothole,300,52,335,102
potholes629.png,533,300,pothole,270,47,298,57
potholes397.png,400,400,pothole,157,135,254,254
potholes397.png,400,400,pothole,185,16,204,32
potholes397.png,400,400,pothole,214,25,234,33
potholes397.png,400,400,pothole,215,13,237,24
potholes348.png,400,400,pothole,145,153,250,221
potholes205.png,450,300,pothole,86,53,148,73
potholes205.png,450,300,pothole,42,63,89,87
potholes205.png,450,300,pothole,1,101,59,122
potholes205.png,450,300,pothole,14,117,162,153
potholes205.png,450,300,pothole,270,150,450,195
potholes205.png,450,300,pothole,19,172,302,300
potholes602.png,450,300,pothole,41,227,132,256
potholes418.png,533,300,pothole,243,123,366,159
potholes418.png,533,300,pothole,36,119,193,139
potholes418.png,533,300,pothole,1,149,100,177
potholes418.png,533,300,pothole,1,175,468,300
potholes45.png,409,300,pothole,47,87,171,145
potholes45.png,409,300,pothole,207,60,353,78
potholes45.png,409,300,pothole,234,48,336,57
potholes45.png,409,300,pothole,189,106,313,134
potholes45.png,409,300,pothole,117,163,388,267
potholes469.png,400,400,pothole,124,215,213,321
potholes469.png,400,400,pothole,185,31,239,85
potholes402.png,435,300,pothole,206,193,269,218
potholes402.png,435,300,pothole,139,212,214,258
potholes335.png,600,300,pothole,21,118,138,158
potholes335.png,600,300,pothole,129,54,466,233
potholes493.png,514,300,pothole,98,198,418,237
potholes493.png,514,300,pothole,1,278,98,300
potholes459.png,450,300,pothole,133,195,423,297
potholes459.png,450,300,pothole,1,150,194,229
potholes459.png,450,300,pothole,1,107,111,142
potholes291.png,458,300,pothole,38,97,267,252
potholes248.png,400,400,pothole,156,150,225,288
potholes248.png,400,400,pothole,151,28,211,49
potholes35.png,400,400,pothole,131,182,293,258
potholes35.png,400,400,pothole,132,135,210,181
potholes199.png,400,400,pothole,171,130,255,181
potholes199.png,400,400,pothole,147,167,202,213
potholes199.png,400,400,pothole,106,235,143,280
potholes84.png,400,300,pothole,92,147,263,193
potholes84.png,400,300,pothole,178,132,229,150
potholes84.png,400,300,pothole,270,145,293,157
potholes344.png,400,400,pothole,80,137,354,292
potholes344.png,400,400,pothole,20,109,79,144
potholes173.png,400,400,pothole,152,147,277,260
potholes315.png,400,140,pothole,102,100,251,139
potholes624.png,400,400,pothole,281,25,325,57
potholes624.png,400,400,pothole,130,135,274,237
potholes624.png,400,400,pothole,304,152,400,219
potholes624.png,400,400,pothole,363,192,400,234
potholes228.png,400,400,pothole,128,159,254,255
potholes416.png,533,300,pothole,1,58,529,207
potholes160.png,400,400,pothole,147,188,265,273
potholes67.png,479,300,pothole,141,157,310,251
potholes288.png,481,300,pothole,70,93,340,141
potholes651.png,400,400,pothole,153,177,245,237
potholes640.png,400,300,pothole,108,198,170,219
potholes640.png,400,300,pothole,190,164,281,193
potholes640.png,400,300,pothole,260,249,333,279
potholes640.png,400,300,pothole,82,284,165,300
potholes640.png,400,300,pothole,320,203,359,214
potholes131.png,400,400,pothole,122,125,327,287
potholes366.png,400,300,pothole,50,40,95,64
potholes366.png,400,300,pothole,1,74,30,101
potholes366.png,400,300,pothole,93,78,290,232
potholes366.png,400,300,pothole,331,138,372,158
potholes18.png,400,173,pothole,95,121,199,167
potholes343.png,400,400,pothole,163,168,257,228
potholes343.png,400,400,pothole,100,41,152,60
potholes343.png,400,400,pothole,103,62,155,84
potholes118.png,400,400,pothole,154,152,219,192
potholes13.png,474,300,pothole,168,93,339,295
potholes13.png,474,300,pothole,221,38,271,60
potholes533.png,400,400,pothole,120,155,311,223
potholes599.png,451,300,pothole,218,146,248,157
potholes599.png,451,300,pothole,29,210,114,253
potholes599.png,451,300,pothole,162,221,267,263
potholes253.png,400,300,pothole,65,90,353,191
potholes583.png,400,400,pothole,234,138,324,210
potholes583.png,400,400,pothole,227,264,297,338
potholes583.png,400,400,pothole,138,184,172,219
potholes422.png,400,300,pothole,128,118,306,214
potholes20.png,400,300,pothole,4,137,90,187
potholes20.png,400,300,pothole,97,124,343,220
potholes389.png,400,400,pothole,134,171,259,274
potholes389.png,400,400,pothole,322,190,400,253
potholes284.png,400,400,pothole,150,127,232,189
potholes284.png,400,400,pothole,90,220,165,270
potholes36.png,400,400,pothole,129,152,253,225
potholes320.png,300,400,pothole,86,135,173,159
potholes320.png,300,400,pothole,77,209,247,301
potholes320.png,300,400,pothole,218,330,294,381
potholes59.png,450,300,pothole,104,133,348,263
potholes363.png,400,400,pothole,170,160,243,194
potholes278.png,400,400,pothole,148,171,270,269
potholes368.png,366,300,pothole,188,214,283,275
potholes368.png,366,300,pothole,202,135,278,162
potholes368.png,366,300,pothole,244,110,310,125
potholes368.png,366,300,pothole,259,89,304,101
potholes368.png,366,300,pothole,234,81,273,91
potholes368.png,366,300,pothole,219,74,254,82
potholes368.png,366,300,pothole,249,62,273,70
potholes368.png,366,300,pothole,139,117,184,131
potholes368.png,366,300,pothole,147,105,179,117
potholes368.png,366,300,pothole,184,91,211,100
potholes368.png,366,300,pothole,126,94,159,104
potholes368.png,366,300,pothole,112,107,135,116
potholes368.png,366,300,pothole,6,212,51,242
potholes167.png,533,300,pothole,2,127,61,148
potholes167.png,533,300,pothole,183,126,210,139
potholes167.png,533,300,pothole,285,66,330,84
potholes167.png,533,300,pothole,333,89,381,99
potholes167.png,533,300,pothole,321,107,349,116
potholes167.png,533,300,pothole,269,87,296,97
potholes167.png,533,300,pothole,242,162,288,182
potholes167.png,533,300,pothole,175,182,260,215
potholes167.png,533,300,pothole,321,155,345,165
potholes167.png,533,300,pothole,309,186,416,213
potholes167.png,533,300,pothole,327,228,421,284
potholes167.png,533,300,pothole,368,148,433,178
potholes477.png,400,400,pothole,48,70,69,81
potholes477.png,400,400,pothole,155,137,212,179
potholes477.png,400,400,pothole,217,11,252,27
potholes477.png,400,400,pothole,193,0,210,11
potholes60.png,449,300,pothole,150,81,258,210
potholes37.png,400,400,pothole,153,93,398,214
potholes37.png,400,400,pothole,0,229,182,338
potholes227.png,532,300,pothole,120,71,358,175
potholes227.png,532,300,pothole,355,205,520,300
potholes606.png,400,400,pothole,188,193,270,247
potholes606.png,400,400,pothole,255,178,300,209
potholes606.png,400,400,pothole,114,223,203,292
potholes643.png,453,300,pothole,35,204,240,300
potholes643.png,453,300,pothole,261,127,312,160
potholes643.png,453,300,pothole,383,135,453,173
potholes475.png,400,300,pothole,147,142,246,186
potholes81.png,498,300,pothole,261,194,469,230
potholes81.png,498,300,pothole,87,158,237,185
potholes81.png,498,300,pothole,50,135,147,155
potholes81.png,498,300,pothole,178,122,266,136
potholes81.png,498,300,pothole,39,107,89,117
potholes81.png,498,300,pothole,1,100,23,109
potholes81.png,498,300,pothole,240,71,290,79
potholes81.png,498,300,pothole,275,52,343,58
potholes81.png,498,300,pothole,303,138,351,155
potholes68.png,447,300,pothole,342,137,369,153
potholes68.png,447,300,pothole,222,96,334,118
potholes68.png,447,300,pothole,3,146,109,233
potholes68.png,447,300,pothole,1,237,46,300
potholes68.png,447,300,pothole,168,214,334,294
potholes68.png,447,300,pothole,322,197,357,219
potholes68.png,447,300,pothole,206,150,264,174
potholes68.png,447,300,pothole,160,182,187,194
potholes68.png,447,300,pothole,138,119,165,132
potholes68.png,447,300,pothole,290,125,340,145
potholes68.png,447,300,pothole,312,153,333,163
potholes68.png,447,300,pothole,362,176,387,193
potholes68.png,447,300,pothole,344,225,371,243
potholes68.png,447,300,pothole,134,90,210,103
potholes243.png,400,400,pothole,131,155,305,248
potholes560.png,400,400,pothole,173,179,231,210
potholes326.png,450,300,pothole,105,61,350,270
potholes89.png,400,400,pothole,95,155,292,274
potholes365.png,464,300,pothole,13,87,202,173
potholes263.png,400,300,pothole,1,57,377,227
potholes540.png,450,300,pothole,177,154,409,278
potholes512.png,400,400,pothole,150,144,262,217
potholes233.png,400,400,pothole,139,135,258,230
potholes233.png,400,400,pothole,107,60,142,92
potholes136.png,400,400,pothole,148,127,228,183
potholes136.png,400,400,pothole,167,194,239,244
potholes136.png,400,400,pothole,240,144,327,195
potholes280.png,400,400,pothole,154,120,247,199
potholes280.png,400,400,pothole,147,179,279,338
potholes14.png,400,400,pothole,116,39,214,80
potholes14.png,400,400,pothole,8,103,59,152
potholes14.png,400,400,pothole,0,1,43,34
potholes14.png,400,400,pothole,22,1,95,22
potholes14.png,400,400,pothole,124,190,320,310
potholes305.png,400,400,pothole,127,134,247,202
potholes622.png,464,300,pothole,210,194,367,251
potholes408.png,400,199,pothole,36,64,300,199
potholes208.png,400,400,pothole,145,170,259,229
potholes644.png,300,300,pothole,43,75,241,181
potholes307.png,451,300,pothole,132,54,380,194
potholes132.png,400,400,pothole,129,161,213,212
potholes132.png,400,400,pothole,245,163,284,199
potholes40.png,400,400,pothole,130,146,296,244
potholes306.png,571,300,pothole,166,209,337,280
potholes271.png,520,300,pothole,67,150,323,272
potholes400.png,400,400,pothole,89,160,220,241
potholes400.png,400,400,pothole,150,84,278,122
potholes400.png,400,400,pothole,273,15,330,37
potholes400.png,400,400,pothole,344,7,385,22
potholes605.png,400,400,pothole,98,125,272,259
potholes210.png,400,400,pothole,98,102,338,185
potholes210.png,400,400,pothole,66,94,96,109
potholes210.png,400,400,pothole,0,7,38,29
potholes210.png,400,400,pothole,97,307,191,395
potholes210.png,400,400,pothole,158,77,247,105
potholes570.png,336,300,pothole,90,154,184,200
potholes570.png,336,300,pothole,154,30,171,38
potholes570.png,336,300,pothole,123,29,142,34
potholes429.png,544,300,pothole,15,19,510,300
potholes446.png,300,400,pothole,103,85,209,123
potholes446.png,300,400,pothole,73,60,114,77
potholes446.png,300,400,pothole,108,45,176,61
potholes446.png,300,400,pothole,180,53,219,75
potholes446.png,300,400,pothole,4,214,279,400
potholes500.png,450,300,pothole,46,158,446,288
potholes619.png,400,400,pothole,160,88,248,164
potholes619.png,400,400,pothole,231,205,297,284
potholes619.png,400,400,pothole,151,243,233,325
potholes492.png,443,300,pothole,118,152,291,232
potholes264.png,400,400,pothole,128,137,274,306
potholes382.png,450,300,pothole,238,179,381,221
potholes382.png,450,300,pothole,270,169,290,177
potholes382.png,450,300,pothole,43,43,80,52
potholes513.png,400,400,pothole,147,175,218,270
potholes323.png,300,440,pothole,76,199,234,295
potholes323.png,300,440,pothole,145,52,171,58
potholes124.png,406,300,pothole,1,84,388,256
potholes322.png,400,400,pothole,164,150,237,189
potholes322.png,400,400,pothole,223,132,250,151
potholes340.png,400,400,pothole,151,213,208,262
potholes518.png,400,400,pothole,140,178,264,245
potholes518.png,400,400,pothole,235,73,283,92
potholes518.png,400,400,pothole,112,67,152,80
potholes545.png,455,300,pothole,12,186,107,239
potholes545.png,455,300,pothole,170,64,413,145
potholes545.png,455,300,pothole,274,189,342,258
potholes470.png,533,300,pothole,118,111,433,230
potholes257.png,300,300,pothole,22,144,252,186
potholes257.png,300,300,pothole,2,112,147,129
potholes257.png,300,300,pothole,94,81,157,96
potholes257.png,300,300,pothole,1,192,300,287
potholes196.png,400,400,pothole,136,146,280,297
potholes196.png,400,400,pothole,0,331,88,400
potholes403.png,300,399,pothole,101,28,244,64
potholes403.png,300,399,pothole,104,83,196,138
potholes403.png,300,399,pothole,29,163,248,361
potholes421.png,400,400,pothole,167,155,257,234
potholes377.png,533,300,pothole,107,144,403,205
potholes468.png,509,300,pothole,1,15,59,54
potholes468.png,509,300,pothole,56,1,138,16
potholes468.png,509,300,pothole,139,1,297,41
potholes468.png,509,300,pothole,334,1,497,42
potholes468.png,509,300,pothole,236,50,355,102
potholes468.png,509,300,pothole,91,93,217,143
potholes468.png,509,300,pothole,227,125,460,238
potholes468.png,509,300,pothole,1,184,157,285
potholes546.png,400,300,pothole,114,80,283,178
potholes222.png,370,300,pothole,92,177,366,284
potholes175.png,400,400,pothole,129,138,192,174
potholes175.png,400,400,pothole,88,102,122,127
potholes175.png,400,400,pothole,153,169,245,237
potholes387.png,533,300,pothole,1,50,531,300
potholes396.png,407,300,pothole,105,152,224,184
potholes396.png,407,300,pothole,94,122,152,152
potholes396.png,407,300,pothole,37,146,77,158
potholes396.png,407,300,pothole,33,170,139,220
potholes396.png,407,300,pothole,75,219,272,254
potholes396.png,407,300,pothole,247,179,407,252
potholes396.png,407,300,pothole,325,268,365,300
potholes396.png,407,300,pothole,356,144,401,154
potholes396.png,407,300,pothole,300,154,372,188
potholes396.png,407,300,pothole,257,139,346,154
potholes183.png,460,300,pothole,17,34,415,253
potholes657.png,400,400,pothole,127,150,266,264
potholes298.png,400,400,pothole,128,153,253,219
potholes577.png,400,400,pothole,117,185,254,265
potholes417.png,450,300,pothole,78,100,150,110
potholes417.png,450,300,pothole,202,91,233,102
potholes417.png,450,300,pothole,178,116,321,168
potholes417.png,450,300,pothole,298,113,378,141
potholes417.png,450,300,pothole,13,180,370,298
potholes121.png,533,300,pothole,172,152,209,165
potholes121.png,533,300,pothole,25,220,107,273
potholes121.png,533,300,pothole,87,252,131,283
potholes121.png,533,300,pothole,152,206,201,233
potholes121.png,533,300,pothole,204,212,254,237
potholes121.png,533,300,pothole,282,221,323,240
potholes121.png,533,300,pothole,236,249,284,279
potholes121.png,533,300,pothole,159,253,211,286
potholes121.png,533,300,pothole,181,285,249,300
potholes121.png,533,300,pothole,305,273,373,298
potholes121.png,533,300,pothole,234,166,257,178
potholes121.png,533,300,pothole,216,161,235,167
potholes121.png,533,300,pothole,241,137,323,177
potholes121.png,533,300,pothole,326,178,499,248
potholes121.png,533,300,pothole,464,246,533,300
potholes367.png,450,300,pothole,149,131,306,231
potholes367.png,450,300,pothole,234,237,316,300
potholes367.png,450,300,pothole,156,113,214,129
potholes598.png,300,400,pothole,57,126,254,309
potholes497.png,400,300,pothole,209,158,366,263
potholes582.png,399,300,pothole,57,74,367,184
potholes409.png,536,300,pothole,104,39,260,99
potholes409.png,536,300,pothole,403,21,470,46
potholes409.png,536,300,pothole,446,46,504,63
potholes409.png,536,300,pothole,190,141,476,300
potholes554.png,400,400,pothole,160,178,242,229
potholes596.png,451,300,pothole,225,230,371,277
potholes596.png,451,300,pothole,128,51,170,63
potholes148.png,383,300,pothole,92,196,269,276
potholes148.png,383,300,pothole,226,98,349,116
potholes148.png,383,300,pothole,1,89,42,97
potholes517.png,400,300,pothole,105,106,138,124
potholes517.png,400,300,pothole,151,151,288,194
potholes517.png,400,300,pothole,97,77,128,82
potholes590.png,533,300,pothole,92,176,177,206
potholes590.png,533,300,pothole,119,197,435,255
potholes590.png,533,300,pothole,273,256,533,300
potholes590.png,533,300,pothole,110,281,204,299
potholes241.png,400,400,pothole,119,140,269,228
potholes572.png,400,400,pothole,182,175,243,238
potholes563.png,400,400,pothole,150,139,262,224
potholes563.png,400,400,pothole,212,115,247,138
potholes301.png,400,400,pothole,150,120,225,168
potholes301.png,400,400,pothole,172,185,271,234
potholes301.png,400,400,pothole,75,271,122,304
potholes301.png,400,400,pothole,31,61,82,85
potholes301.png,400,400,pothole,0,45,29,62
potholes330.png,480,300,pothole,119,201,358,247
potholes330.png,480,300,pothole,146,159,235,172
potholes330.png,480,300,pothole,278,135,399,146
potholes330.png,480,300,pothole,135,90,272,111
potholes330.png,480,300,pothole,159,59,215,69
potholes465.png,400,400,pothole,124,137,259,272
potholes458.png,533,300,pothole,248,147,422,188
potholes458.png,533,300,pothole,82,164,465,300
potholes72.png,400,400,pothole,184,135,239,162
potholes72.png,400,400,pothole,128,275,210,328
potholes569.png,400,300,pothole,1,28,396,252
potholes350.png,449,300,pothole,181,160,353,227
potholes350.png,449,300,pothole,153,118,282,159
potholes350.png,449,300,pothole,119,72,171,97
potholes350.png,449,300,pothole,121,48,163,59
potholes350.png,449,300,pothole,126,37,160,46
potholes56.png,400,400,pothole,169,169,243,227
potholes56.png,400,400,pothole,235,321,268,345
potholes56.png,400,400,pothole,125,113,193,160
potholes184.png,400,300,pothole,49,130,88,143
potholes184.png,400,300,pothole,1,146,400,300
potholes191.png,400,400,pothole,180,174,244,205
potholes405.png,480,300,pothole,145,236,348,298
potholes405.png,480,300,pothole,313,181,463,252
potholes573.png,400,178,pothole,140,61,311,117
potholes573.png,400,178,pothole,1,79,80,115
potholes166.png,400,400,pothole,148,148,275,258
potholes659.png,400,400,pothole,143,175,215,223
potholes659.png,400,400,pothole,145,74,169,94
potholes73.png,451,300,pothole,148,161,169,172
potholes73.png,451,300,pothole,93,155,340,240
potholes73.png,451,300,pothole,304,121,366,142
potholes73.png,451,300,pothole,262,111,285,119
potholes73.png,451,300,pothole,420,193,451,216
potholes538.png,400,300,pothole,296,214,338,244
potholes538.png,400,300,pothole,134,84,290,183
potholes538.png,400,300,pothole,76,65,153,101
potholes538.png,400,300,pothole,17,50,55,73
potholes538.png,400,300,pothole,1,28,22,43
potholes140.png,400,400,pothole,142,138,247,204
potholes211.png,400,400,pothole,98,95,285,168
potholes375.png,450,300,pothole,210,148,397,280
potholes299.png,400,400,pothole,127,169,219,240
potholes299.png,400,400,pothole,221,177,308,229
potholes376.png,300,400,pothole,25,182,246,386
potholes376.png,300,400,pothole,79,29,216,92
potholes621.png,400,300,pothole,88,99,245,191
potholes621.png,400,300,pothole,1,211,123,275
potholes621.png,400,300,pothole,282,137,382,174
potholes621.png,400,300,pothole,283,171,383,211
potholes621.png,400,300,pothole,275,206,362,282
potholes621.png,400,300,pothole,226,96,331,133
potholes621.png,400,300,pothole,236,75,298,92
potholes621.png,400,300,pothole,118,40,187,61
potholes621.png,400,300,pothole,196,48,266,71
potholes621.png,400,300,pothole,269,35,324,62
potholes621.png,400,300,pothole,243,22,285,37
potholes621.png,400,300,pothole,197,16,244,28
potholes621.png,400,300,pothole,153,23,200,36
potholes621.png,400,300,pothole,88,30,122,40
potholes621.png,400,300,pothole,105,17,130,23
potholes621.png,400,300,pothole,114,5,137,11
potholes621.png,400,300,pothole,141,9,165,17
potholes336.png,533,300,pothole,166,114,341,169
potholes336.png,533,300,pothole,418,160,484,184
potholes336.png,533,300,pothole,134,104,166,115
potholes70.png,529,300,pothole,122,112,350,244
potholes581.png,400,400,pothole,86,144,259,233
potholes551.png,300,400,pothole,60,30,247,328
potholes618.png,450,300,pothole,122,91,296,136
potholes618.png,450,300,pothole,44,96,103,113
potholes618.png,450,300,pothole,80,23,218,75
potholes618.png,450,300,pothole,188,8,263,21
potholes618.png,450,300,pothole,1,198,383,300
potholes528.png,400,400,pothole,133,168,273,292
potholes528.png,400,400,pothole,62,75,143,116
potholes502.png,450,300,pothole,157,99,296,142
potholes502.png,450,300,pothole,153,198,281,257
potholes218.png,425,300,pothole,187,203,315,272
potholes290.png,400,300,pothole,32,90,259,262
potholes314.png,400,300,pothole,148,166,184,176
potholes314.png,400,300,pothole,1,239,53,256
potholes314.png,400,300,pothole,175,245,336,290
potholes314.png,400,300,pothole,253,166,400,180
potholes314.png,400,300,pothole,184,128,279,143
potholes510.png,400,400,pothole,145,150,269,265
potholes334.png,451,300,pothole,1,179,26,195
potholes334.png,451,300,pothole,1,161,55,173
potholes334.png,451,300,pothole,74,167,112,179
potholes334.png,451,300,pothole,102,194,225,235
potholes30.png,450,300,pothole,118,163,275,206
potholes30.png,450,300,pothole,114,76,425,124
potholes347.png,450,300,pothole,41,130,283,224
potholes555.png,400,400,pothole,150,150,269,228
potholes2.png,400,400,pothole,108,69,288,253
potholes2.png,400,400,pothole,13,352,80,400
potholes4.png,400,300,pothole,164,110,197,128
potholes4.png,400,300,pothole,185,259,228,300
potholes454.png,458,300,pothole,158,151,232,193
potholes454.png,458,300,pothole,195,117,237,136
potholes454.png,458,300,pothole,327,135,401,163
potholes454.png,458,300,pothole,411,155,454,167
potholes454.png,458,300,pothole,308,158,362,186
potholes454.png,458,300,pothole,244,219,380,300
potholes454.png,458,300,pothole,131,86,152,95
potholes454.png,458,300,pothole,113,79,127,84
potholes456.png,427,300,pothole,111,156,328,279
potholes456.png,427,300,pothole,333,151,398,169
potholes567.png,450,300,pothole,1,62,450,280
potholes504.png,300,357,pothole,16,176,257,357
potholes525.png,400,400,pothole,177,89,228,132
potholes525.png,400,400,pothole,123,275,218,369
potholes525.png,400,400,pothole,52,9,75,24
potholes525.png,400,400,pothole,229,0,266,23
potholes21.png,450,300,pothole,17,88,146,121
potholes21.png,450,300,pothole,41,73,72,85
potholes21.png,450,300,pothole,27,125,413,245
potholes64.png,462,300,pothole,9,123,387,247
potholes318.png,400,400,pothole,168,150,254,214
potholes318.png,400,400,pothole,237,208,277,239
potholes390.png,450,300,pothole,39,179,198,230
potholes390.png,450,300,pothole,231,217,259,228
potholes390.png,450,300,pothole,269,245,402,278
potholes115.png,400,400,pothole,109,130,282,195
potholes466.png,400,400,pothole,119,177,271,264
potholes242.png,400,400,pothole,130,175,294,229
potholes242.png,400,400,pothole,70,252,118,282
potholes287.png,400,400,pothole,151,145,224,208
potholes31.png,400,400,pothole,108,125,194,154
potholes31.png,400,400,pothole,78,152,204,198
potholes31.png,400,400,pothole,168,198,195,220
potholes31.png,400,400,pothole,206,210,334,269
potholes519.png,447,300,pothole,66,143,111,160
potholes519.png,447,300,pothole,79,167,143,204
potholes519.png,447,300,pothole,303,167,402,201
potholes519.png,447,300,pothole,365,227,391,237
potholes519.png,447,300,pothole,355,246,401,280
potholes519.png,447,300,pothole,293,214,350,243
potholes79.png,451,300,pothole,124,119,303,205
potholes79.png,451,300,pothole,325,87,353,102
potholes544.png,450,300,pothole,214,177,289,197
potholes544.png,450,300,pothole,271,157,298,166
potholes544.png,450,300,pothole,116,219,258,298
potholes273.png,400,400,pothole,110,152,250,210
potholes653.png,400,400,pothole,145,162,261,233
potholes457.png,300,400,pothole,91,177,117,193
potholes457.png,300,400,pothole,92,163,110,174
potholes457.png,300,400,pothole,87,243,107,256
potholes457.png,300,400,pothole,72,281,100,298
potholes457.png,300,400,pothole,100,293,164,348
potholes457.png,300,400,pothole,253,255,269,275
potholes457.png,300,400,pothole,186,267,203,288
potholes457.png,300,400,pothole,152,164,167,173
potholes457.png,300,400,pothole,209,147,253,162
potholes457.png,300,400,pothole,268,170,281,180
potholes457.png,300,400,pothole,253,181,266,190
potholes457.png,300,400,pothole,277,212,300,222
potholes457.png,300,400,pothole,275,202,293,209
potholes457.png,300,400,pothole,194,226,213,237
potholes457.png,300,400,pothole,214,244,226,254
potholes457.png,300,400,pothole,167,353,202,400
potholes99.png,480,300,pothole,174,96,265,123
potholes99.png,480,300,pothole,325,100,438,115
potholes99.png,480,300,pothole,254,70,319,78
potholes99.png,480,300,pothole,200,133,241,150
potholes99.png,480,300,pothole,2,160,243,300
potholes9.png,400,400,pothole,153,165,243,218
potholes494.png,533,300,pothole,1,101,468,300
potholes576.png,400,400,pothole,142,139,254,198
potholes576.png,400,400,pothole,254,160,303,195
potholes664.png,534,300,pothole,92,131,475,300
potholes168.png,449,300,pothole,104,83,221,127
potholes168.png,449,300,pothole,265,125,332,155
potholes178.png,400,400,pothole,163,165,247,228
potholes178.png,400,400,pothole,165,252,189,273
potholes437.png,400,300,pothole,71,161,248,214
potholes437.png,400,300,pothole,29,261,93,296
potholes437.png,400,300,pothole,93,267,165,299
potholes437.png,400,300,pothole,236,89,334,113
potholes265.png,400,400,pothole,164,148,295,229
potholes265.png,400,400,pothole,50,266,101,319
potholes662.png,400,400,pothole,165,115,282,222
potholes234.png,533,300,pothole,299,137,401,173
potholes234.png,533,300,pothole,135,191,487,272
potholes628.png,400,400,pothole,65,82,154,122
potholes628.png,400,400,pothole,102,148,243,268
potholes353.png,400,300,pothole,143,159,234,205
potholes353.png,400,300,pothole,194,210,249,232
potholes353.png,400,300,pothole,192,77,212,92
potholes388.png,400,400,pothole,72,153,344,268
potholes161.png,400,400,pothole,117,131,195,189
potholes161.png,400,400,pothole,150,192,214,244
potholes161.png,400,400,pothole,42,335,124,398
potholes249.png,452,300,pothole,114,129,284,197
potholes165.png,533,300,pothole,193,153,291,175
potholes165.png,533,300,pothole,287,154,315,169
potholes165.png,533,300,pothole,28,125,62,135
potholes532.png,400,400,pothole,130,157,263,234
potholes439.png,400,400,pothole,133,123,259,249
potholes439.png,400,400,pothole,221,94,257,118
potholes25.png,571,300,pothole,426,119,487,135
potholes25.png,571,300,pothole,411,135,571,185
potholes25.png,571,300,pothole,1,136,348,243
potholes25.png,571,300,pothole,430,223,571,300
potholes478.png,360,300,pothole,125,85,264,133
potholes478.png,360,300,pothole,87,85,160,255
potholes300.png,400,400,pothole,138,159,195,208
potholes300.png,400,400,pothole,183,210,238,240
potholes453.png,400,300,pothole,91,82,314,168
potholes28.png,400,400,pothole,126,140,272,200
potholes28.png,400,400,pothole,118,202,283,254
potholes151.png,362,300,pothole,5,21,299,300
potholes117.png,400,400,pothole,158,138,244,190
potholes117.png,400,400,pothole,263,112,318,138
potholes303.png,400,400,pothole,158,174,233,234
potholes303.png,400,400,pothole,194,41,250,74
potholes426.png,450,300,pothole,158,180,318,233
potholes612.png,400,400,pothole,142,124,248,277
potholes164.png,400,400,pothole,143,166,224,231
potholes189.png,533,300,pothole,85,112,322,271
potholes189.png,533,300,pothole,418,158,533,276
potholes220.png,400,300,pothole,62,74,370,257
potholes158.png,400,400,pothole,119,138,255,258
potholes158.png,400,400,pothole,323,248,373,319
potholes535.png,400,184,pothole,59,50,193,121
potholes535.png,400,184,pothole,194,90,338,183
potholes535.png,400,184,pothole,295,74,320,93
potholes535.png,400,184,pothole,274,44,307,63
potholes535.png,400,184,pothole,246,52,283,79
potholes535.png,400,184,pothole,217,13,245,34
potholes535.png,400,184,pothole,169,4,207,13
potholes535.png,400,184,pothole,119,10,140,22
potholes279.png,400,400,pothole,154,147,210,194
potholes411.png,396,300,pothole,188,106,223,116
potholes411.png,396,300,pothole,182,95,206,105
potholes411.png,396,300,pothole,161,89,182,95
potholes411.png,396,300,pothole,171,134,205,142
potholes411.png,396,300,pothole,178,144,244,163
potholes411.png,396,300,pothole,188,174,315,218
potholes411.png,396,300,pothole,168,242,214,266
potholes411.png,396,300,pothole,240,261,305,300
potholes272.png,400,400,pothole,99,152,320,300
potholes308.png,400,400,pothole,147,164,225,208
potholes274.png,400,400,pothole,70,138,264,234
potholes274.png,400,400,pothole,323,28,400,59
potholes274.png,400,400,pothole,118,25,185,47
potholes430.png,400,400,pothole,143,125,229,200
potholes430.png,400,400,pothole,89,220,139,269
potholes251.png,453,300,pothole,16,211,127,248
potholes251.png,453,300,pothole,205,171,248,192
potholes251.png,453,300,pothole,239,151,277,165
potholes251.png,453,300,pothole,285,116,331,131
potholes251.png,453,300,pothole,323,98,359,107
potholes445.png,400,300,pothole,162,151,280,187
potholes445.png,400,300,pothole,14,146,118,179
potholes445.png,400,300,pothole,54,186,123,218
potholes445.png,400,300,pothole,27,229,106,260
potholes445.png,400,300,pothole,183,196,307,262
potholes445.png,400,300,pothole,110,114,163,125
potholes5.png,400,400,pothole,113,173,267,242
potholes162.png,438,300,pothole,234,52,268,64
potholes162.png,438,300,pothole,218,32,247,44
potholes162.png,438,300,pothole,240,120,278,147
potholes162.png,438,300,pothole,296,104,344,131
potholes162.png,438,300,pothole,343,208,381,237
potholes162.png,438,300,pothole,188,172,232,197
potholes162.png,438,300,pothole,135,95,153,106
potholes162.png,438,300,pothole,122,85,139,97
potholes162.png,438,300,pothole,89,118,126,140
potholes162.png,438,300,pothole,82,154,124,188
potholes329.png,381,300,pothole,166,125,199,133
potholes329.png,381,300,pothole,144,183,283,216
potholes329.png,381,300,pothole,18,224,189,300
potholes329.png,381,300,pothole,195,128,258,143
potholes337.png,465,300,pothole,1,106,465,300
potholes63.png,300,356,pothole,87,291,197,341
potholes63.png,300,356,pothole,61,212,118,234
potholes63.png,300,356,pothole,157,191,210,212
potholes63.png,300,356,pothole,159,159,191,171
potholes63.png,300,356,pothole,123,158,156,167
potholes63.png,300,356,pothole,143,133,181,141
potholes268.png,400,400,pothole,142,144,241,199
potholes268.png,400,400,pothole,292,189,355,239
potholes438.png,400,400,pothole,159,119,247,198
potholes410.png,400,175,pothole,20,60,374,134
potholes410.png,400,175,pothole,161,14,210,34
potholes204.png,400,400,pothole,118,104,277,207
potholes3.png,400,400,pothole,106,98,199,175
potholes3.png,400,400,pothole,157,212,249,289
potholes378.png,533,300,pothole,22,187,384,262
potholes550.png,402,300,pothole,146,101,360,259
potholes550.png,402,300,pothole,34,54,151,118
potholes316.png,400,400,pothole,105,152,243,230
potholes316.png,400,400,pothole,166,79,255,143
potholes650.png,533,300,pothole,62,124,456,198
potholes650.png,533,300,pothole,80,197,228,276
potholes650.png,533,300,pothole,247,197,475,283
potholes192.png,400,400,pothole,125,162,355,229
potholes192.png,400,400,pothole,46,103,100,118
potholes55.png,400,400,pothole,125,173,270,248
potholes302.png,400,400,pothole,148,140,254,269
potholes302.png,400,400,pothole,0,100,25,134
potholes302.png,400,400,pothole,130,63,157,88
potholes537.png,400,400,pothole,145,175,252,232
potholes537.png,400,400,pothole,7,229,91,273
potholes537.png,400,400,pothole,0,191,43,227
potholes609.png,400,400,pothole,162,182,242,247
potholes609.png,400,400,pothole,355,301,400,328
potholes87.png,533,300,pothole,285,126,365,172
potholes87.png,533,300,pothole,232,188,322,216
potholes87.png,533,300,pothole,158,264,215,300
potholes87.png,533,300,pothole,416,214,472,240
potholes87.png,533,300,pothole,349,39,396,74
potholes431.png,534,300,pothole,351,252,430,292
potholes431.png,534,300,pothole,263,238,299,256
potholes431.png,534,300,pothole,196,191,212,202
potholes431.png,534,300,pothole,174,194,190,202
potholes224.png,450,300,pothole,104,94,440,300
potholes333.png,455,300,pothole,266,109,323,138
potholes373.png,489,300,pothole,127,195,412,285
potholes236.png,400,400,pothole,119,134,292,211
potholes42.png,400,300,pothole,176,38,212,52
potholes42.png,400,300,pothole,190,5,247,25
potholes42.png,400,300,pothole,279,1,400,161
potholes42.png,400,300,pothole,20,87,298,191
potholes42.png,400,300,pothole,61,201,179,300
potholes42.png,400,300,pothole,2,231,44,255
potholes42.png,400,300,pothole,163,57,191,76
potholes42.png,400,300,pothole,124,70,160,87
potholes42.png,400,300,pothole,339,163,400,193
potholes464.png,400,400,pothole,114,118,262,280
potholes75.png,400,400,pothole,54,252,96,280
potholes75.png,400,400,pothole,84,220,138,249
potholes75.png,400,400,pothole,162,170,263,233
potholes75.png,400,400,pothole,225,94,265,124
potholes75.png,400,400,pothole,0,16,112,79
potholes584.png,400,400,pothole,223,247,280,291
potholes584.png,400,400,pothole,158,200,238,258
potholes584.png,400,400,pothole,115,163,181,212
potholes584.png,400,400,pothole,0,94,79,156
potholes202.png,300,397,pothole,151,156,190,180
potholes202.png,300,397,pothole,122,135,154,152
potholes202.png,300,397,pothole,109,113,150,136
potholes202.png,300,397,pothole,69,141,114,168
potholes202.png,300,397,pothole,208,133,226,143
potholes202.png,300,397,pothole,94,223,223,363
potholes188.png,533,300,pothole,8,118,497,246
potholes498.png,452,300,pothole,80,121,146,135
potholes498.png,452,300,pothole,172,100,249,112
potholes498.png,452,300,pothole,69,139,314,300
potholes498.png,452,300,pothole,202,111,382,144
potholes498.png,452,300,pothole,215,94,294,114
potholes23.png,480,300,pothole,85,95,421,251
potholes564.png,400,300,pothole,135,135,312,200
potholes154.png,445,300,pothole,273,160,375,208
potholes154.png,445,300,pothole,255,128,360,159
potholes154.png,445,300,pothole,166,113,205,128
potholes154.png,445,300,pothole,1,137,153,177
potholes154.png,445,300,pothole,71,106,136,117
potholes154.png,445,300,pothole,1,112,45,121
potholes154.png,445,300,pothole,1,101,44,111
potholes154.png,445,300,pothole,67,94,106,101
potholes154.png,445,300,pothole,1,211,314,300
potholes473.png,457,300,pothole,22,59,87,83
potholes473.png,457,300,pothole,120,8,179,34
potholes473.png,457,300,pothole,332,4,379,23
potholes473.png,457,300,pothole,58,99,146,142
potholes473.png,457,300,pothole,126,80,168,100
potholes473.png,457,300,pothole,195,120,389,172
potholes65.png,533,300,pothole,164,90,452,294
potholes406.png,534,300,pothole,145,173,532,300
potholes77.png,400,400,pothole,123,102,262,220
potholes77.png,400,400,pothole,252,48,286,68
potholes514.png,400,400,pothole,147,147,235,242
potholes514.png,400,400,pothole,347,38,400,65
potholes381.png,400,300,pothole,66,131,303,242
potholes289.png,400,174,pothole,126,64,296,172
potholes134.png,400,400,pothole,120,194,242,263
potholes617.png,540,300,pothole,129,99,368,165
potholes617.png,540,300,pothole,83,181,446,294
potholes95.png,400,300,pothole,19,117,305,254
potholes95.png,400,300,pothole,226,59,272,74
potholes95.png,400,300,pothole,221,96,262,111
potholes95.png,400,300,pothole,314,89,360,103
potholes203.png,453,300,pothole,201,37,317,121
potholes203.png,453,300,pothole,41,123,245,291
potholes203.png,453,300,pothole,15,1,178,74
potholes648.png,400,400,pothole,135,145,243,211
potholes648.png,400,400,pothole,113,116,148,134
potholes149.png,300,442,pothole,121,273,219,347
potholes149.png,300,442,pothole,178,400,260,435
potholes149.png,300,442,pothole,189,261,262,295
potholes149.png,300,442,pothole,209,234,300,251
potholes149.png,300,442,pothole,136,202,224,220
potholes149.png,300,442,pothole,134,191,216,198
potholes149.png,300,442,pothole,131,171,172,180
potholes638.png,600,300,pothole,1,52,438,272
potholes482.png,400,400,pothole,108,118,210,200
potholes482.png,400,400,pothole,178,180,257,270
potholes41.png,491,300,pothole,241,143,428,245
potholes58.png,400,300,pothole,150,138,261,184
potholes58.png,400,300,pothole,84,79,158,97
potholes58.png,400,300,pothole,273,164,273,165
potholes433.png,300,450,pothole,72,144,117,154
potholes433.png,300,450,pothole,141,78,177,87
potholes433.png,300,450,pothole,182,83,234,95
potholes433.png,300,450,pothole,182,128,248,148
potholes433.png,300,450,pothole,201,157,265,182
potholes433.png,300,450,pothole,68,79,116,86
potholes433.png,300,450,pothole,134,58,147,66
potholes433.png,300,450,pothole,94,226,283,392
potholes252.png,400,180,pothole,188,146,203,152
potholes252.png,400,180,pothole,175,132,195,137
potholes252.png,400,180,pothole,277,141,296,150
potholes252.png,400,180,pothole,306,158,330,167
potholes252.png,400,180,pothole,212,164,225,172
potholes252.png,400,180,pothole,228,147,258,152
potholes197.png,450,300,pothole,107,27,406,279
potholes276.png,450,300,pothole,125,95,418,275
potholes281.png,460,300,pothole,234,55,283,81
potholes281.png,460,300,pothole,243,107,338,163
potholes281.png,460,300,pothole,71,155,345,260
potholes588.png,451,300,pothole,1,161,154,300
potholes588.png,451,300,pothole,208,14,344,201
potholes15.png,447,300,pothole,114,59,330,220
potholes177.png,335,300,pothole,28,113,139,150
potholes177.png,335,300,pothole,61,151,126,181
potholes177.png,335,300,pothole,135,172,196,210
potholes177.png,335,300,pothole,51,228,159,276
potholes177.png,335,300,pothole,224,127,250,144
potholes177.png,335,300,pothole,267,74,320,98
potholes177.png,335,300,pothole,117,53,145,62
potholes177.png,335,300,pothole,231,19,253,29
potholes177.png,335,300,pothole,251,48,275,55
potholes177.png,335,300,pothole,259,56,284,61
potholes425.png,451,300,pothole,272,104,330,129
potholes425.png,451,300,pothole,172,121,232,137
potholes425.png,451,300,pothole,1,171,413,300
potholes209.png,400,400,pothole,100,180,220,237
potholes209.png,400,400,pothole,170,152,292,184
potholes209.png,400,400,pothole,299,159,348,185
potholes133.png,400,400,pothole,165,175,215,234
potholes566.png,400,400,pothole,114,114,263,185
potholes566.png,400,400,pothole,15,300,400,400
potholes130.png,450,300,pothole,72,47,403,269
potholes556.png,464,300,pothole,143,57,191,68
potholes556.png,464,300,pothole,100,232,157,255
potholes296.png,456,300,pothole,246,115,441,159
potholes296.png,456,300,pothole,159,97,237,155
potholes558.png,400,400,pothole,154,164,231,221
potholes447.png,400,156,pothole,107,45,281,114
potholes250.png,400,400,pothole,147,140,267,204
potholes156.png,533,300,pothole,22,27,489,272
potholes120.png,400,400,pothole,2,21,78,64
potholes120.png,400,400,pothole,0,79,79,146
potholes120.png,400,400,pothole,88,158,269,258
potholes361.png,400,400,pothole,144,155,252,256
potholes607.png,400,400,pothole,122,132,290,229
potholes607.png,400,400,pothole,139,254,237,315
potholes380.png,400,400,pothole,126,158,257,232
potholes380.png,400,400,pothole,267,82,312,118
potholes380.png,400,400,pothole,0,117,27,131
potholes238.png,600,300,pothole,75,80,523,229
potholes69.png,400,400,pothole,165,163,257,228
potholes69.png,400,400,pothole,88,188,163,235
potholes33.png,400,400,pothole,205,215,283,267
potholes33.png,400,400,pothole,23,148,215,212
potholes62.png,533,300,pothole,52,68,486,189
potholes62.png,533,300,pothole,41,220,211,288
potholes71.png,400,400,pothole,123,159,272,236
potholes360.png,400,400,pothole,147,161,267,232
potholes360.png,400,400,pothole,216,21,277,47
potholes652.png,472,300,pothole,159,107,348,189
potholes185.png,557,300,pothole,166,28,339,123
potholes185.png,557,300,pothole,457,44,557,101
potholes185.png,557,300,pothole,429,86,477,112
potholes185.png,557,300,pothole,81,135,527,300
potholes451.png,470,300,pothole,329,210,372,238
potholes451.png,470,300,pothole,215,166,322,237
potholes451.png,470,300,pothole,159,180,214,209
potholes578.png,400,400,pothole,139,165,224,232
potholes578.png,400,400,pothole,54,74,123,107
potholes578.png,400,400,pothole,268,4,298,25
potholes608.png,400,400,pothole,130,199,274,280
potholes399.png,517,300,pothole,201,196,336,300
potholes399.png,517,300,pothole,228,150,306,176
potholes392.png,401,300,pothole,15,90,353,282
potholes256.png,400,168,pothole,68,90,334,127
potholes508.png,571,300,pothole,53,210,409,271
potholes508.png,571,300,pothole,494,224,534,238
potholes524.png,400,400,pothole,106,181,243,273
potholes534.png,450,300,pothole,132,158,288,188
potholes534.png,450,300,pothole,201,128,290,144
potholes534.png,450,300,pothole,243,110,272,119
potholes534.png,450,300,pothole,322,108,381,129
potholes534.png,450,300,pothole,379,147,450,184
potholes534.png,450,300,pothole,1,226,149,282
potholes534.png,450,300,pothole,302,75,317,85
potholes443.png,450,300,pothole,1,57,87,126
potholes443.png,450,300,pothole,60,1,124,14
potholes443.png,450,300,pothole,52,80,379,259
potholes145.png,533,300,pothole,78,156,163,174
potholes145.png,533,300,pothole,236,123,322,137
potholes145.png,533,300,pothole,277,147,401,177
potholes83.png,400,400,pothole,120,162,271,258
potholes83.png,400,400,pothole,43,366,132,400
potholes48.png,400,400,pothole,154,147,260,264
potholes358.png,400,400,pothole,119,162,321,291
potholes591.png,400,300,pothole,89,201,223,250
potholes591.png,400,300,pothole,230,165,386,195
potholes217.png,450,300,pothole,64,155,131,185
potholes217.png,450,300,pothole,287,135,321,150
potholes217.png,450,300,pothole,297,176,338,205
potholes217.png,450,300,pothole,259,232,325,274
potholes509.png,400,400,pothole,151,187,260,275
potholes509.png,400,400,pothole,152,132,219,165
potholes509.png,400,400,pothole,91,224,131,248
potholes226.png,400,300,pothole,191,163,219,186
potholes226.png,400,300,pothole,184,196,391,250
potholes216.png,451,300,pothole,144,138,252,163
potholes216.png,451,300,pothole,341,100,414,118
potholes216.png,451,300,pothole,149,159,417,274
potholes642.png,300,400,pothole,135,186,182,221
potholes186.png,435,300,pothole,14,154,341,285
potholes186.png,435,300,pothole,283,220,435,300
potholes186.png,435,300,pothole,383,138,416,156
potholes398.png,400,400,pothole,123,150,262,230
potholes239.png,400,400,pothole,124,163,264,267
potholes207.png,400,400,pothole,152,157,234,209
potholes207.png,400,400,pothole,0,37,75,67
potholes179.png,400,400,pothole,188,148,237,178
potholes179.png,400,400,pothole,132,177,224,262
potholes179.png,400,400,pothole,7,272,52,332
potholes244.png,400,300,pothole,43,94,309,182
potholes201.png,400,400,pothole,147,148,262,213
potholes201.png,400,400,pothole,322,172,400,214
potholes26.png,400,300,pothole,93,56,279,204
potholes195.png,400,400,pothole,152,153,235,197
potholes604.png,400,400,pothole,135,146,264,199
potholes604.png,400,400,pothole,44,53,82,78
potholes269.png,400,400,pothole,197,134,264,166
potholes269.png,400,400,pothole,105,180,233,226
potholes269.png,400,400,pothole,79,124,168,163
potholes157.png,400,400,pothole,145,155,260,229
potholes486.png,303,300,pothole,198,146,240,183
potholes486.png,303,300,pothole,7,44,114,117
potholes486.png,303,300,pothole,1,25,49,40
potholes486.png,303,300,pothole,147,45,214,69
potholes486.png,303,300,pothole,224,65,287,87
potholes486.png,303,300,pothole,3,158,45,221
potholes600.png,400,400,pothole,169,190,281,272
potholes600.png,400,400,pothole,92,42,234,105
potholes282.png,400,400,pothole,120,143,332,268
potholes393.png,400,400,pothole,120,150,238,235
potholes393.png,400,400,pothole,245,125,276,153
potholes393.png,400,400,pothole,58,63,118,89
potholes565.png,450,300,pothole,168,140,376,300
potholes313.png,400,400,pothole,67,92,173,140
potholes313.png,400,400,pothole,284,211,351,252
potholes313.png,400,400,pothole,220,248,323,315
potholes114.png,400,400,pothole,99,128,225,244
potholes114.png,400,400,pothole,218,154,298,261
potholes114.png,400,400,pothole,232,10,277,53
potholes97.png,400,400,pothole,273,1,380,92
potholes97.png,400,400,pothole,207,161,291,238
potholes97.png,400,400,pothole,130,220,247,301
potholes97.png,400,400,pothole,323,73,385,129
potholes495.png,533,300,pothole,1,108,533,257
potholes553.png,534,300,pothole,94,51,414,267
potholes24.png,527,300,pothole,139,160,491,269
potholes12.png,450,300,pothole,166,159,328,225
potholes12.png,450,300,pothole,235,123,348,163
potholes12.png,450,300,pothole,335,86,386,110
potholes12.png,450,300,pothole,344,61,388,75
potholes12.png,450,300,pothole,352,51,388,61
potholes503.png,401,300,pothole,129,137,324,209
potholes503.png,401,300,pothole,339,183,401,208
potholes254.png,450,300,pothole,155,175,329,258
potholes254.png,450,300,pothole,14,194,57,220
potholes254.png,450,300,pothole,377,124,443,139
potholes254.png,450,300,pothole,233,130,257,140
potholes254.png,450,300,pothole,367,209,411,226
potholes53.png,450,300,pothole,210,207,272,223
potholes53.png,450,300,pothole,249,207,285,243
potholes53.png,450,300,pothole,84,245,287,297
potholes53.png,450,300,pothole,174,186,209,198
potholes53.png,450,300,pothole,166,169,214,176
potholes613.png,400,300,pothole,105,164,342,257
potholes613.png,400,300,pothole,220,153,297,177
potholes34.png,400,400,pothole,160,130,245,204
potholes34.png,400,400,pothole,62,100,144,192
potholes85.png,400,400,pothole,163,208,207,251
potholes85.png,400,400,pothole,159,165,227,209
potholes85.png,400,400,pothole,168,132,230,163
potholes85.png,400,400,pothole,164,27,212,88
potholes85.png,400,400,pothole,85,283,114,314
potholes85.png,400,400,pothole,22,268,53,328
potholes85.png,400,400,pothole,165,373,206,399
potholes491.png,449,300,pothole,215,191,301,210
potholes491.png,449,300,pothole,205,286,395,300
potholes432.png,400,400,pothole,135,156,250,244
potholes371.png,533,300,pothole,92,128,135,149
potholes371.png,533,300,pothole,155,74,252,115
potholes371.png,533,300,pothole,325,59,375,74
potholes371.png,533,300,pothole,306,78,353,103
potholes371.png,533,300,pothole,335,114,375,136
potholes371.png,533,300,pothole,422,192,531,273
potholes539.png,457,300,pothole,33,73,441,278
potholes530.png,400,400,pothole,154,148,223,190
potholes471.png,400,400,pothole,88,131,320,218
potholes351.png,400,400,pothole,143,144,254,237
potholes351.png,400,400,pothole,89,155,137,252
potholes6.png,400,400,pothole,120,126,250,234
potholes499.png,534,300,pothole,484,184,527,198
potholes499.png,534,300,pothole,376,168,462,197
potholes499.png,534,300,pothole,300,156,346,182
potholes499.png,534,300,pothole,239,147,302,182
potholes499.png,534,300,pothole,252,128,276,141
potholes499.png,534,300,pothole,163,135,213,148
potholes499.png,534,300,pothole,109,188,309,234
potholes123.png,400,400,pothole,103,165,237,224
potholes123.png,400,400,pothole,344,168,380,204
potholes123.png,400,400,pothole,221,129,333,181
potholes527.png,400,300,pothole,113,102,268,168
potholes527.png,400,300,pothole,90,81,135,101
potholes455.png,453,300,pothole,16,73,440,230
potholes349.png,400,400,pothole,134,169,334,221
potholes262.png,400,300,pothole,75,92,312,205
potholes19.png,461,300,pothole,42,64,146,96
potholes19.png,461,300,pothole,144,110,371,211
potholes645.png,533,300,pothole,1,50,471,300
potholes660.png,400,400,pothole,127,110,280,258
potholes325.png,400,300,pothole,74,39,307,272
potholes542.png,345,300,pothole,74,103,295,300
potholes542.png,345,300,pothole,155,50,211,79
potholes542.png,345,300,pothole,245,53,279,73
potholes542.png,345,300,pothole,261,78,280,92
potholes143.png,533,300,pothole,246,58,493,238
potholes94.png,400,400,pothole,142,137,214,213
potholes94.png,400,400,pothole,369,68,400,90
potholes245.png,400,400,pothole,62,82,141,130
potholes245.png,400,400,pothole,142,155,281,279
potholes49.png,400,400,pothole,184,142,314,225
potholes49.png,400,400,pothole,115,87,211,107
potholes181.png,571,300,pothole,197,8,428,273
potholes448.png,401,300,pothole,73,108,352,229
potholes448.png,401,300,pothole,131,26,193,40
potholes74.png,400,400,pothole,93,130,313,222
potholes74.png,400,400,pothole,282,66,400,112
potholes219.png,503,300,pothole,264,57,503,198
potholes219.png,503,300,pothole,1,78,249,256
potholes146.png,450,300,pothole,105,225,200,260
potholes146.png,450,300,pothole,162,187,216,199
potholes637.png,450,300,pothole,7,74,217,137
potholes637.png,450,300,pothole,206,106,450,151
potholes352.png,533,300,pothole,1,154,533,300
potholes193.png,452,300,pothole,169,205,239,233
potholes193.png,452,300,pothole,216,241,260,267
potholes193.png,452,300,pothole,293,244,337,277
potholes193.png,452,300,pothole,260,166,306,183
potholes193.png,452,300,pothole,157,144,180,153
potholes144.png,400,300,pothole,66,184,128,196
potholes144.png,400,300,pothole,38,218,104,242
potholes144.png,400,300,pothole,151,233,269,287
potholes144.png,400,300,pothole,298,180,343,192
potholes144.png,400,300,pothole,308,208,379,231
potholes144.png,400,300,pothole,365,244,400,284
potholes144.png,400,300,pothole,162,142,235,156
potholes144.png,400,300,pothole,110,126,135,137
potholes144.png,400,300,pothole,159,105,192,113
potholes649.png,452,300,pothole,351,26,452,86
potholes649.png,452,300,pothole,84,82,177,111
potholes649.png,452,300,pothole,2,92,452,297
potholes395.png,400,400,pothole,144,109,275,231
potholes574.png,527,300,pothole,314,157,361,176
potholes574.png,527,300,pothole,436,195,526,221
potholes574.png,527,300,pothole,398,160,434,182
potholes574.png,527,300,pothole,368,127,390,140
potholes574.png,527,300,pothole,291,107,328,120
potholes574.png,527,300,pothole,328,202,372,223
potholes574.png,527,300,pothole,341,114,368,121
potholes17.png,451,300,pothole,104,196,328,300
potholes472.png,533,300,pothole,67,110,465,268
potholes481.png,400,400,pothole,140,121,213,182
potholes481.png,400,400,pothole,118,190,208,282
potholes221.png,553,300,pothole,249,101,273,115
potholes324.png,400,400,pothole,87,84,280,331
potholes171.png,450,300,pothole,30,230,153,271
potholes171.png,450,300,pothole,30,214,86,233
potholes171.png,450,300,pothole,251,227,426,263
potholes462.png,534,300,pothole,143,174,397,244
potholes283.png,400,400,pothole,128,156,244,229
potholes424.png,400,400,pothole,157,174,233,205
potholes379.png,544,300,pothole,136,59,544,300
potholes129.png,544,300,pothole,75,122,452,204
potholes385.png,400,400,pothole,109,173,215,250
potholes385.png,400,400,pothole,213,152,277,218
potholes317.png,533,300,pothole,237,35,363,77
potholes317.png,533,300,pothole,74,5,170,28
potholes317.png,533,300,pothole,62,34,189,77
potholes317.png,533,300,pothole,184,85,277,126
potholes317.png,533,300,pothole,295,123,402,163
potholes317.png,533,300,pothole,352,203,514,288
potholes317.png,533,300,pothole,85,152,289,242
potholes317.png,533,300,pothole,366,30,445,55
potholes317.png,533,300,pothole,439,53,533,87
potholes317.png,533,300,pothole,320,1,408,19
potholes620.png,400,400,pothole,166,180,228,224
potholes61.png,533,300,pothole,155,189,466,239
potholes394.png,533,300,pothole,271,122,309,141
potholes394.png,533,300,pothole,288,108,321,126
potholes394.png,533,300,pothole,245,96,287,110
potholes394.png,533,300,pothole,183,142,333,189
potholes394.png,533,300,pothole,89,201,407,298
potholes496.png,425,300,pothole,128,166,289,220
potholes54.png,300,533,pothole,1,129,300,364
potholes126.png,533,300,pothole,22,130,73,151
potholes126.png,533,300,pothole,220,162,300,195
potholes126.png,533,300,pothole,275,64,313,77
potholes126.png,533,300,pothole,214,51,286,68
potholes126.png,533,300,pothole,471,191,529,300
potholes50.png,400,400,pothole,137,165,277,282
potholes297.png,533,300,pothole,16,128,170,154
potholes297.png,533,300,pothole,255,167,511,236
potholes641.png,400,300,pothole,138,85,276,199
potholes641.png,400,300,pothole,58,7,171,91
potholes511.png,400,400,pothole,143,200,227,262
potholes511.png,400,400,pothole,90,143,197,230
potholes511.png,400,400,pothole,141,9,183,28
potholes511.png,400,400,pothole,262,195,400,400
potholes479.png,400,400,pothole,107,141,275,218
potholes404.png,400,400,pothole,145,160,265,239
potholes286.png,400,400,pothole,131,152,242,216
potholes345.png,400,400,pothole,160,145,251,219
potholes345.png,400,400,pothole,280,92,318,128
potholes345.png,400,400,pothole,331,62,370,87
potholes345.png,400,400,pothole,357,214,398,257
potholes310.png,533,300,pothole,217,27,283,67
potholes310.png,533,300,pothole,331,33,386,58
potholes310.png,533,300,pothole,201,179,231,195
potholes310.png,533,300,pothole,435,223,529,268
potholes310.png,533,300,pothole,309,237,418,287
potholes364.png,400,400,pothole,199,170,299,222
potholes364.png,400,400,pothole,123,183,182,229
potholes364.png,400,400,pothole,179,232,280,307
potholes194.png,400,400,pothole,131,92,267,187
potholes194.png,400,400,pothole,245,241,282,274
potholes355.png,400,400,pothole,137,164,228,229
potholes355.png,400,400,pothole,200,124,258,173
potholes163.png,400,400,pothole,113,199,160,224
potholes163.png,400,400,pothole,152,178,226,218
potholes163.png,400,400,pothole,222,163,279,200
potholes163.png,400,400,pothole,370,92,400,128
potholes138.png,421,300,pothole,70,76,382,265
potholes557.png,400,400,pothole,68,176,229,252
potholes557.png,400,400,pothole,245,147,380,214
potholes293.png,450,300,pothole,143,96,305,186
potholes137.png,534,300,pothole,92,28,383,103
potholes568.png,481,300,pothole,29,24,422,276
potholes507.png,400,400,pothole,85,141,244,234
potholes52.png,400,400,pothole,136,107,270,193
potholes444.png,400,400,pothole,83,163,289,272
potholes444.png,400,400,pothole,286,240,344,283
potholes444.png,400,400,pothole,285,30,400,79
potholes444.png,400,400,pothole,150,112,197,139
potholes412.png,300,300,pothole,1,112,254,252
potholes407.png,400,300,pothole,190,151,283,201
potholes636.png,533,300,pothole,106,198,147,225
potholes636.png,533,300,pothole,158,160,256,211
potholes636.png,533,300,pothole,218,248,313,294
potholes636.png,533,300,pothole,310,170,333,182
potholes636.png,533,300,pothole,270,74,311,82
potholes116.png,400,400,pothole,158,152,270,247
potholes116.png,400,400,pothole,82,95,113,140
potholes112.png,485,300,pothole,52,100,417,266
potholes153.png,300,400,pothole,102,212,237,282
potholes153.png,300,400,pothole,125,147,195,172
potholes153.png,300,400,pothole,61,157,106,175
potholes153.png,300,400,pothole,1,211,69,238
potholes198.png,300,451,pothole,172,187,300,236
potholes198.png,300,451,pothole,85,166,161,227
potholes505.png,450,300,pothole,212,76,250,100
potholes505.png,450,300,pothole,254,57,276,73
potholes505.png,450,300,pothole,244,112,277,142
potholes505.png,450,300,pothole,191,161,236,177
potholes505.png,450,300,pothole,208,151,240,160
potholes505.png,450,300,pothole,320,170,345,204
potholes505.png,450,300,pothole,330,213,369,258
potholes505.png,450,300,pothole,305,116,325,137
potholes505.png,450,300,pothole,287,75,313,99
potholes505.png,450,300,pothole,205,110,223,119
potholes505.png,450,300,pothole,201,122,219,128
potholes505.png,450,300,pothole,215,101,228,108
potholes505.png,450,300,pothole,229,47,245,54
potholes391.png,400,300,pothole,161,135,264,185
potholes391.png,400,300,pothole,298,82,345,98
potholes391.png,400,300,pothole,102,109,161,129
potholes391.png,400,300,pothole,52,215,124,245
potholes213.png,450,300,pothole,212,226,288,274
potholes122.png,400,400,pothole,197,212,250,269
potholes122.png,400,400,pothole,158,295,205,337
potholes90.png,400,400,pothole,128,157,220,220
potholes90.png,400,400,pothole,199,210,286,258
potholes520.png,300,300,pothole,162,155,241,214
potholes520.png,300,300,pothole,33,215,164,298
potholes520.png,300,300,pothole,192,264,291,300
potholes520.png,300,300,pothole,253,204,300,245
potholes520.png,300,300,pothole,45,113,162,162
potholes520.png,300,300,pothole,184,106,230,126
potholes520.png,300,300,pothole,243,117,285,147
potholes520.png,300,300,pothole,285,146,300,164
potholes520.png,300,300,pothole,166,48,212,64
potholes520.png,300,300,pothole,117,75,174,94
potholes520.png,300,300,pothole,109,61,134,72
potholes520.png,300,300,pothole,37,59,95,80
potholes520.png,300,300,pothole,194,33,224,44
potholes520.png,300,300,pothole,157,27,197,39
potholes520.png,300,300,pothole,66,38,140,58
potholes520.png,300,300,pothole,199,11,253,32
potholes520.png,300,300,pothole,151,96,192,112
potholes520.png,300,300,pothole,198,80,217,91
potholes520.png,300,300,pothole,1,198,26,230
potholes587.png,450,300,pothole,54,39,393,242
potholes515.png,400,400,pothole,143,167,258,262
potholes434.png,400,300,pothole,118,195,161,211
potholes434.png,400,300,pothole,174,187,232,210
potholes434.png,400,300,pothole,156,208,208,229
potholes434.png,400,300,pothole,141,230,208,263
potholes434.png,400,300,pothole,168,174,214,187
potholes434.png,400,300,pothole,141,171,191,178
potholes434.png,400,300,pothole,146,157,161,165
potholes434.png,400,300,pothole,75,274,141,300
potholes434.png,400,300,pothole,144,262,284,299
potholes616.png,503,300,pothole,78,184,240,254
potholes616.png,503,300,pothole,315,182,360,200
potholes180.png,400,400,pothole,155,145,239,221
potholes369.png,400,300,pothole,165,124,193,135
potholes369.png,400,300,pothole,66,105,90,113
potholes369.png,400,300,pothole,213,162,367,207
potholes159.png,400,400,pothole,129,134,260,214
potholes214.png,400,148,pothole,146,129,234,146
potholes214.png,400,148,pothole,81,119,134,132
potholes214.png,400,148,pothole,127,112,214,120
potholes214.png,400,148,pothole,194,101,239,108
potholes214.png,400,148,pothole,136,86,171,91
potholes214.png,400,148,pothole,1,108,49,138
potholes214.png,400,148,pothole,89,72,121,79
potholes214.png,400,148,pothole,182,69,211,75
potholes214.png,400,148,pothole,285,110,310,117
potholes214.png,400,148,pothole,279,96,304,102
potholes214.png,400,148,pothole,256,88,287,95
potholes214.png,400,148,pothole,312,130,401,148
potholes27.png,486,300,pothole,24,73,358,198
potholes240.png,373,300,pothole,174,200,275,223
potholes240.png,373,300,pothole,41,152,242,190
potholes240.png,373,300,pothole,70,139,127,148
potholes240.png,373,300,pothole,63,107,177,135
potholes240.png,373,300,pothole,120,59,249,78
potholes240.png,373,300,pothole,111,29,246,47
potholes240.png,373,300,pothole,122,18,234,30
potholes285.png,400,400,pothole,150,113,243,222
potholes362.png,534,300,pothole,1,187,188,276
potholes362.png,534,300,pothole,102,84,283,151
potholes362.png,534,300,pothole,1,55,144,133
potholes362.png,534,300,pothole,167,44,246,68
potholes362.png,534,300,pothole,316,27,534,90
potholes362.png,534,300,pothole,296,87,463,139
potholes362.png,534,300,pothole,366,170,534,275
potholes362.png,534,300,pothole,1,25,118,53
potholes441.png,400,400,pothole,89,128,184,196
potholes441.png,400,400,pothole,150,205,277,304
potholes441.png,400,400,pothole,291,277,323,310
potholes57.png,400,176,pothole,19,24,355,175
potholes585.png,600,300,pothole,85,198,214,252
potholes585.png,600,300,pothole,383,231,482,262
potholes639.png,482,300,pothole,99,54,362,209
potholes386.png,400,400,pothole,227,78,277,140
potholes386.png,400,400,pothole,117,215,168,282
potholes206.png,453,300,pothole,244,169,350,296
potholes206.png,453,300,pothole,191,264,246,299
potholes206.png,453,300,pothole,18,8,149,59
potholes206.png,453,300,pothole,403,23,453,49
potholes174.png,450,300,pothole,145,73,244,125
potholes174.png,450,300,pothole,277,97,347,137
potholes174.png,450,300,pothole,205,201,270,242
potholes174.png,450,300,pothole,292,188,450,300
potholes428.png,400,400,pothole,155,180,215,242
potholes428.png,400,400,pothole,335,277,368,308
potholes611.png,400,400,pothole,138,129,228,195
potholes611.png,400,400,pothole,14,76,78,118
potholes611.png,400,400,pothole,155,235,278,344
potholes357.png,400,300,pothole,90,16,329,300
potholes547.png,533,300,pothole,118,201,244,237
potholes547.png,533,300,pothole,268,202,342,245
potholes547.png,533,300,pothole,382,216,440,253
potholes547.png,533,300,pothole,318,83,335,94
potholes646.png,533,300,pothole,1,39,533,246
potholes119.png,400,400,pothole,131,148,245,295
potholes370.png,533,300,pothole,36,187,143,217
potholes370.png,533,300,pothole,120,171,154,178
potholes370.png,533,300,pothole,164,165,233,175
potholes370.png,533,300,pothole,378,181,533,220
potholes370.png,533,300,pothole,44,227,210,294
potholes633.png,450,300,pothole,32,164,306,283
potholes633.png,450,300,pothole,257,123,359,157
potholes147.png,450,300,pothole,143,160,331,273
potholes147.png,450,300,pothole,1,130,51,154
potholes128.png,400,400,pothole,119,113,207,208
potholes66.png,439,300,pothole,21,108,327,258
potholes506.png,400,400,pothole,145,146,191,170
potholes506.png,400,400,pothole,172,174,276,205
potholes506.png,400,400,pothole,214,276,283,309
potholes506.png,400,400,pothole,262,338,325,385
potholes506.png,400,400,pothole,112,350,162,380
potholes522.png,450,300,pothole,163,192,280,244
potholes522.png,450,300,pothole,208,283,252,300
potholes634.png,425,300,pothole,49,157,99,172
potholes634.png,425,300,pothole,99,182,138,200
potholes634.png,425,300,pothole,151,153,194,166
potholes634.png,425,300,pothole,245,168,299,186
potholes634.png,425,300,pothole,142,213,287,253
potholes634.png,425,300,pothole,1,127,51,138
potholes634.png,425,300,pothole,116,122,145,130
potholes92.png,400,400,pothole,137,167,235,221
potholes341.png,400,300,pothole,7,76,383,232
potholes427.png,400,400,pothole,115,60,169,93
potholes427.png,400,400,pothole,199,112,290,173
potholes427.png,400,400,pothole,275,118,358,163
potholes427.png,400,400,pothole,186,155,224,175
potholes427.png,400,400,pothole,123,178,218,268
potholes427.png,400,400,pothole,219,192,293,235
potholes427.png,400,400,pothole,234,301,289,380
potholes277.png,583,300,pothole,171,150,233,178
potholes277.png,583,300,pothole,192,124,237,144
potholes277.png,583,300,pothole,259,140,299,156
potholes277.png,583,300,pothole,320,147,361,163
potholes277.png,583,300,pothole,324,106,364,125
potholes277.png,583,300,pothole,400,107,437,129
potholes277.png,583,300,pothole,236,181,327,224
potholes277.png,583,300,pothole,271,233,333,275
potholes277.png,583,300,pothole,479,24,574,53
potholes277.png,583,300,pothole,265,51,329,68
potholes277.png,583,300,pothole,184,80,224,93
potholes277.png,583,300,pothole,139,57,177,73
potholes277.png,583,300,pothole,109,73,142,89
potholes277.png,583,300,pothole,50,82,107,101
potholes277.png,583,300,pothole,109,104,165,128
potholes277.png,583,300,pothole,186,94,218,107
potholes277.png,583,300,pothole,421,68,455,81
potholes474.png,535,300,pothole,146,196,202,222
potholes474.png,535,300,pothole,157,168,185,181
potholes474.png,535,300,pothole,231,243,289,269
potholes212.png,400,400,pothole,80,94,284,264
potholes212.png,400,400,pothole,274,79,337,170
potholes440.png,400,400,pothole,188,136,251,188
potholes440.png,400,400,pothole,157,202,253,294
potholes440.png,400,400,pothole,34,238,127,290
potholes354.png,300,444,pothole,5,138,164,239
potholes354.png,300,444,pothole,22,17,65,33
potholes354.png,300,444,pothole,20,1,59,8
potholes43.png,400,400,pothole,102,150,308,280
potholes43.png,400,400,pothole,180,317,272,400
potholes356.png,400,300,pothole,89,138,328,215
potholes356.png,400,300,pothole,28,115,93,136
potholes401.png,400,400,pothole,162,145,223,217
potholes127.png,400,400,pothole,155,149,222,188
potholes127.png,400,400,pothole,178,176,273,237
potholes127.png,400,400,pothole,0,306,69,374
potholes342.png,400,300,pothole,170,169,315,215
potholes230.png,400,400,pothole,50,79,331,256
potholes490.png,494,300,pothole,118,66,485,276
potholes626.png,400,400,pothole,132,181,264,287
potholes626.png,400,400,pothole,139,46,225,77
potholes229.png,533,300,pothole,113,125,531,300
potholes614.png,449,300,pothole,102,61,378,260
potholes623.png,400,400,pothole,108,139,258,236
potholes623.png,400,400,pothole,242,349,335,392
potholes571.png,400,300,pothole,1,156,400,284
potholes594.png,450,300,pothole,1,143,375,300
potholes176.png,400,400,pothole,55,136,340,317
potholes630.png,427,300,pothole,71,166,159,201
potholes630.png,427,300,pothole,178,195,247,230
potholes630.png,427,300,pothole,126,239,185,286
potholes630.png,427,300,pothole,291,282,339,300
potholes630.png,427,300,pothole,60,143,94,160
potholes630.png,427,300,pothole,20,136,57,151
potholes630.png,427,300,pothole,128,127,184,143
potholes630.png,427,300,pothole,92,129,125,140
potholes630.png,427,300,pothole,93,117,112,126
potholes630.png,427,300,pothole,305,147,343,157
potholes630.png,427,300,pothole,398,149,427,171
potholes372.png,300,369,pothole,71,136,236,212
potholes483.png,400,400,pothole,13,14,29,19
potholes483.png,400,400,pothole,0,26,20,38
potholes483.png,400,400,pothole,31,17,61,30
potholes483.png,400,400,pothole,47,0,65,6
potholes483.png,400,400,pothole,33,8,48,14
potholes483.png,400,400,pothole,20,0,39,6
potholes483.png,400,400,pothole,7,1,19,3
potholes483.png,400,400,pothole,0,2,9,8
potholes483.png,400,400,pothole,167,142,219,179
potholes483.png,400,400,pothole,295,81,310,92
potholes483.png,400,400,pothole,202,318,224,337
potholes260.png,450,300,pothole,111,60,275,263
potholes98.png,600,300,pothole,191,49,411,300
potholes647.png,451,300,pothole,4,216,172,245
potholes647.png,451,300,pothole,83,192,199,213
potholes647.png,451,300,pothole,233,168,297,176
potholes231.png,400,400,pothole,143,194,235,335
potholes627.png,400,400,pothole,162,185,259,253
potholes309.png,450,300,pothole,1,116,109,193
potholes309.png,450,300,pothole,1,50,40,89
potholes309.png,450,300,pothole,181,126,297,147
potholes309.png,450,300,pothole,229,149,402,195
potholes292.png,459,300,pothole,52,77,180,141
potholes235.png,400,400,pothole,94,133,295,224
potholes319.png,400,400,pothole,139,179,257,241
potholes96.png,400,400,pothole,144,207,297,280
potholes225.png,400,300,pothole,137,129,277,198
potholes225.png,400,300,pothole,158,32,247,57
potholes225.png,400,300,pothole,259,217,384,299
potholes359.png,400,400,pothole,168,162,245,232
potholes529.png,400,400,pothole,159,162,233,222
potholes261.png,418,300,pothole,207,216,256,234
potholes261.png,418,300,pothole,152,202,184,212
potholes261.png,418,300,pothole,55,251,190,287
potholes261.png,418,300,pothole,145,231,185,247
potholes601.png,450,300,pothole,114,101,310,157
potholes601.png,450,300,pothole,414,76,450,90
potholes346.png,533,300,pothole,229,185,333,300
potholes346.png,533,300,pothole,333,159,451,235
potholes346.png,533,300,pothole,482,226,520,254
potholes346.png,533,300,pothole,303,90,371,119
potholes346.png,533,300,pothole,234,83,286,104
potholes346.png,533,300,pothole,189,103,335,163
potholes346.png,533,300,pothole,320,132,356,149
potholes346.png,533,300,pothole,289,143,316,156
potholes346.png,533,300,pothole,37,115,203,254
potholes586.png,450,300,pothole,1,150,139,235
potholes586.png,450,300,pothole,131,2,433,138
potholes655.png,400,400,pothole,145,160,274,241
potholes338.png,571,300,pothole,232,76,293,89
potholes338.png,571,300,pothole,107,112,280,127
potholes338.png,571,300,pothole,146,142,397,188
potholes338.png,571,300,pothole,99,193,507,286
potholes452.png,300,403,pothole,144,98,212,129
potholes452.png,300,403,pothole,90,130,143,146
potholes452.png,300,403,pothole,64,166,300,333
potholes450.png,482,300,pothole,153,92,346,178
potholes661.png,455,300,pothole,220,93,252,103
potholes661.png,455,300,pothole,65,130,253,231
potholes155.png,400,400,pothole,123,137,267,215
potholes654.png,400,400,pothole,122,155,282,234
potholes16.png,449,300,pothole,201,14,317,147
potholes449.png,426,300,pothole,163,149,286,185
potholes449.png,426,300,pothole,42,197,424,292
potholes449.png,426,300,pothole,1,176,71,211
potholes449.png,426,300,pothole,313,139,373,150
potholes449.png,426,300,pothole,282,116,363,125
potholes549.png,400,300,pothole,199,163,235,185
potholes549.png,400,300,pothole,174,140,229,162
potholes549.png,400,300,pothole,168,118,222,140
potholes501.png,449,300,pothole,244,65,333,83
potholes501.png,449,300,pothole,300,1,374,12
potholes501.png,449,300,pothole,141,124,231,161
potholes501.png,449,300,pothole,118,161,255,202
potholes501.png,449,300,pothole,166,207,307,266
potholes246.png,400,400,pothole,160,165,242,229
potholes246.png,400,400,pothole,368,178,400,205
potholes484.png,400,400,pothole,90,141,263,247
potholes484.png,400,400,pothole,263,233,350,282
potholes7.png,400,400,pothole,100,170,283,237
potholes635.png,533,300,pothole,337,248,398,273
potholes635.png,533,300,pothole,178,147,281,169
potholes635.png,533,300,pothole,147,118,225,147
potholes552.png,400,400,pothole,164,139,254,260
potholes552.png,400,400,pothole,114,123,167,213
potholes552.png,400,400,pothole,53,133,120,209
potholes552.png,400,400,pothole,153,15,212,78
potholes552.png,400,400,pothole,319,33,374,70
potholes610.png,400,300,pothole,110,128,222,182
potholes610.png,400,300,pothole,41,135,110,190
potholes610.png,400,300,pothole,17,210,70,246
potholes610.png,400,300,pothole,289,75,368,110
potholes610.png,400,300,pothole,260,119,346,164
potholes610.png,400,300,pothole,269,170,362,222
potholes610.png,400,300,pothole,267,286,319,300
potholes200.png,400,400,pothole,127,147,259,234
potholes200.png,400,400,pothole,295,271,328,297
potholes488.png,400,400,pothole,165,165,237,215
potholes172.png,400,400,pothole,147,157,210,198
potholes172.png,400,400,pothole,184,195,252,287
potholes172.png,400,400,pothole,38,196,145,275
potholes172.png,400,400,pothole,338,1,400,20
potholes327.png,442,300,pothole,95,51,300,201
potholes531.png,400,400,pothole,152,193,201,223
potholes531.png,400,400,pothole,315,212,355,233
potholes460.png,400,400,pothole,162,153,235,222
potholes460.png,400,400,pothole,70,23,120,68
potholes414.png,450,300,pothole,110,178,300,297
potholes311.png,536,300,pothole,66,188,389,300
potholes461.png,400,400,pothole,135,193,274,245
potholes415.png,400,300,pothole,270,86,377,141
potholes415.png,400,300,pothole,220,33,286,63
potholes415.png,400,300,pothole,292,32,333,47
potholes415.png,400,300,pothole,1,83,133,140
potholes415.png,400,300,pothole,340,34,396,66
potholes593.png,533,300,pothole,49,93,468,245
potholes275.png,300,442,pothole,91,275,198,391
potholes266.png,300,400,pothole,224,175,283,226
potholes266.png,300,400,pothole,88,168,130,188
potholes266.png,300,400,pothole,66,240,229,314
potholes266.png,300,400,pothole,136,63,182,82
potholes592.png,540,300,pothole,1,139,540,300
potholes270.png,400,300,pothole,93,90,182,130
potholes270.png,400,300,pothole,303,94,337,105
potholes270.png,400,300,pothole,278,80,318,93
potholes270.png,400,300,pothole,146,153,327,242
potholes270.png,400,300,pothole,222,245,352,300
potholes561.png,400,400,pothole,97,168,239,220
potholes561.png,400,400,pothole,217,220,272,260
potholes562.png,400,300,pothole,158,124,242,146
potholes562.png,400,300,pothole,151,156,278,190
potholes267.png,400,400,pothole,170,181,222,227
potholes125.png,533,300,pothole,268,42,469,197
potholes125.png,533,300,pothole,1,258,47,300
potholes603.png,400,400,pothole,53,135,300,357
potholes658.png,300,400,pothole,124,153,194,191
potholes658.png,300,400,pothole,133,109,246,142
potholes658.png,300,400,pothole,35,207,204,339
potholes135.png,400,400,pothole,161,165,278,235
potholes135.png,400,400,pothole,146,234,200,266
potholes80.png,400,400,pothole,158,143,269,246
potholes597.png,450,300,pothole,33,145,88,159
potholes597.png,450,300,pothole,1,164,43,187
potholes597.png,450,300,pothole,1,227,90,257
potholes597.png,450,300,pothole,150,158,238,193
potholes597.png,450,300,pothole,276,117,338,139
potholes597.png,450,300,pothole,257,95,291,103
potholes597.png,450,300,pothole,1,85,39,101
potholes93.png,400,400,pothole,59,132,339,250
potholes615.png,521,300,pothole,172,184,356,255
potholes615.png,521,300,pothole,293,153,486,189
potholes615.png,521,300,pothole,369,124,521,161
potholes76.png,400,400,pothole,184,185,245,243
potholes76.png,400,400,pothole,86,20,151,59
potholes223.png,574,300,pothole,236,138,288,173
potholes223.png,574,300,pothole,378,189,484,250
potholes150.png,454,300,pothole,74,42,454,282
potholes543.png,450,300,pothole,68,106,352,215
potholes541.png,400,300,pothole,81,133,355,299
potholes541.png,400,300,pothole,236,102,280,131
potholes22.png,600,300,pothole,356,52,447,138
potholes38.png,533,300,pothole,204,212,260,252
potholes38.png,533,300,pothole,312,38,385,71
potholes523.png,450,300,pothole,181,75,227,96
potholes523.png,450,300,pothole,175,147,352,299
potholes44.png,400,400,pothole,136,133,263,245
potholes255.png,534,300,pothole,245,177,393,248
potholes255.png,534,300,pothole,422,124,534,170
potholes255.png,534,300,pothole,491,283,534,300
potholes255.png,534,300,pothole,441,198,482,218
potholes255.png,534,300,pothole,479,188,533,202
potholes113.png,506,300,pothole,106,99,397,214
potholes113.png,506,300,pothole,228,215,290,266
potholes113.png,506,300,pothole,19,48,117,76
potholes423.png,400,400,pothole,155,208,298,355
potholes328.png,533,300,pothole,93,41,516,300
potholes480.png,400,400,pothole,127,139,244,216
potholes480.png,400,400,pothole,319,259,360,306
potholes413.png,534,300,pothole,42,116,300,266
potholes656.png,400,400,pothole,136,110,270,260
potholes656.png,400,400,pothole,230,118,280,170
potholes656.png,400,400,pothole,208,16,242,37
potholes656.png,400,400,pothole,33,17,68,29
potholes656.png,400,400,pothole,77,27,115,67
potholes656.png,400,400,pothole,160,89,178,103
potholes82.png,450,300,pothole,116,140,138,151
potholes82.png,450,300,pothole,262,126,292,137
potholes82.png,450,300,pothole,246,106,259,112
potholes82.png,450,300,pothole,182,97,210,105
potholes435.png,400,400,pothole,145,173,231,281
potholes435.png,400,400,pothole,237,61,270,80
potholes419.png,451,300,pothole,171,227,384,289
potholes152.png,400,400,pothole,143,158,253,223
potholes152.png,400,400,pothole,35,149,97,188
potholes595.png,533,300,pothole,85,216,226,287
potholes339.png,400,400,pothole,105,118,220,217
potholes339.png,400,400,pothole,80,332,168,400
potholes312.png,400,400,pothole,135,149,254,263
potholes237.png,400,400,pothole,22,197,63,232
potholes237.png,400,400,pothole,179,173,313,241
potholes237.png,400,400,pothole,45,110,134,169
potholes139.png,400,400,pothole,143,157,288,271
potholes139.png,400,400,pothole,368,120,400,149
potholes589.png,453,300,pothole,100,126,350,213
